{"stats":{"minecraft:picked_up":{"minecraft:raw_iron":32,"minecraft:stick":1,"minecraft:crafting_table":7,"minecraft:azure_bluet":3,"minecraft:andesite":6,"minecraft:spruce_log":12,"minecraft:spider_eye":1,"minecraft:arrow":2,"minecraft:light_gray_bed":1,"minecraft:diamond":2,"minecraft:cobbled_deepslate":15,"minecraft:spore_blossom":1,"minecraft:gray_wool":2,"minecraft:mutton":9,"minecraft:coal":258,"minecraft:white_wool":4,"minecraft:cobblestone":59,"minecraft:furnace":3},"minecraft:used":{"minecraft:cooked_mutton":9,"minecraft:stone_pickaxe":106,"minecraft:iron_pickaxe":43,"minecraft:shield":3,"minecraft:wooden_pickaxe":3,"minecraft:stone_axe":64,"minecraft:cobblestone":37,"minecraft:crafting_table":7,"minecraft:furnace":4,"minecraft:cobbled_deepslate":1,"minecraft:light_gray_bed":1},"minecraft:custom":{"minecraft:time_since_rest":25765,"minecraft:interact_with_furnace":14,"minecraft:sprint_one_cm":66948,"minecraft:damage_taken":588,"minecraft:walk_one_cm":29566,"minecraft:damage_blocked_by_shield":186,"minecraft:mob_kills":16,"minecraft:drop":2,"minecraft:damage_dealt":2935,"minecraft:swim_one_cm":6321,"minecraft:fly_one_cm":108347,"minecraft:interact_with_crafting_table":27,"minecraft:open_chest":1,"minecraft:crouch_one_cm":12708,"minecraft:play_time":34646,"minecraft:sneak_time":3310,"minecraft:walk_under_water_one_cm":5395,"minecraft:jump":652,"minecraft:walk_on_water_one_cm":5787,"minecraft:leave_game":4,"minecraft:time_since_death":34646,"minecraft:sleep_in_bed":1,"minecraft:total_world_time":34646,"minecraft:fall_one_cm":18202},"minecraft:mined":{"minecraft:spore_blossom":1,"minecraft:furnace":3,"minecraft:deepslate_diamond_ore":2,"minecraft:iron_ore":16,"minecraft:spruce_log":12,"minecraft:andesite":4,"minecraft:crafting_table":7,"minecraft:azure_bluet":3,"minecraft:short_grass":1,"minecraft:deepslate_iron_ore":6,"minecraft:coal_ore":70,"minecraft:light_gray_bed":1,"minecraft:cobblestone":4,"minecraft:spruce_leaves":5,"minecraft:stone":42,"minecraft:deepslate":5},"minecraft:crafted":{"minecraft:light_gray_bed":1,"minecraft:iron_chestplate":1,"minecraft:shield":1,"minecraft:crafting_table":1,"minecraft:spruce_planks":48,"minecraft:stick":20,"minecraft:iron_helmet":1,"minecraft:iron_ingot":24,"minecraft:wooden_pickaxe":1,"minecraft:iron_pickaxe":1,"minecraft:stone_pickaxe":1,"minecraft:iron_leggings":1,"minecraft:furnace":2,"minecraft:light_gray_dye":3,"minecraft:light_gray_wool":3,"minecraft:stone_axe":1,"minecraft:air":0,"minecraft:cooked_mutton":9},"minecraft:dropped":{"minecraft:cobbled_deepslate":4,"minecraft:wooden_pickaxe":1},"minecraft:killed":{"minecraft:skeleton":5,"minecraft:sheep":6,"minecraft:zombie":4,"minecraft:spider":1}},"DataVersion":3953}