{"stats":{"minecraft:picked_up":{"minecraft:raw_iron":32,"minecraft:stick":1,"minecraft:crafting_table":6,"minecraft:azure_bluet":3,"minecraft:andesite":6,"minecraft:spruce_log":12,"minecraft:arrow":2,"minecraft:light_gray_bed":1,"minecraft:cobbled_deepslate":4,"minecraft:spore_blossom":1,"minecraft:gray_wool":2,"minecraft:mutton":9,"minecraft:coal":196,"minecraft:white_wool":4,"minecraft:cobblestone":59,"minecraft:furnace":2},"minecraft:used":{"minecraft:cooked_mutton":7,"minecraft:stone_pickaxe":106,"minecraft:iron_pickaxe":39,"minecraft:wooden_pickaxe":3,"minecraft:stone_axe":33,"minecraft:cobblestone":33,"minecraft:crafting_table":7,"minecraft:furnace":4,"minecraft:light_gray_bed":1},"minecraft:custom":{"minecraft:time_since_rest":19123,"minecraft:interact_with_furnace":13,"minecraft:sprint_one_cm":51903,"minecraft:damage_taken":459,"minecraft:walk_one_cm":22363,"minecraft:mob_kills":9,"minecraft:drop":1,"minecraft:damage_dealt":1454,"minecraft:swim_one_cm":5052,"minecraft:fly_one_cm":83672,"minecraft:interact_with_crafting_table":15,"minecraft:open_chest":1,"minecraft:crouch_one_cm":12394,"minecraft:play_time":28004,"minecraft:sneak_time":3258,"minecraft:walk_under_water_one_cm":4699,"minecraft:jump":488,"minecraft:walk_on_water_one_cm":4249,"minecraft:leave_game":3,"minecraft:time_since_death":28004,"minecraft:sleep_in_bed":1,"minecraft:total_world_time":28004,"minecraft:fall_one_cm":14179},"minecraft:mined":{"minecraft:spore_blossom":1,"minecraft:furnace":2,"minecraft:iron_ore":16,"minecraft:spruce_log":12,"minecraft:andesite":4,"minecraft:crafting_table":6,"minecraft:azure_bluet":3,"minecraft:short_grass":1,"minecraft:deepslate_iron_ore":6,"minecraft:coal_ore":70,"minecraft:light_gray_bed":1,"minecraft:cobblestone":4,"minecraft:spruce_leaves":5,"minecraft:stone":42,"minecraft:deepslate":4},"minecraft:crafted":{"minecraft:light_gray_bed":1,"minecraft:shield":1,"minecraft:crafting_table":1,"minecraft:spruce_planks":48,"minecraft:stick":20,"minecraft:iron_ingot":16,"minecraft:wooden_pickaxe":1,"minecraft:iron_pickaxe":1,"minecraft:stone_pickaxe":1,"minecraft:furnace":2,"minecraft:light_gray_dye":3,"minecraft:light_gray_wool":3,"minecraft:stone_axe":1,"minecraft:air":0,"minecraft:cooked_mutton":9},"minecraft:dropped":{"minecraft:wooden_pickaxe":1},"minecraft:killed":{"minecraft:skeleton":2,"minecraft:sheep":6,"minecraft:zombie":1}},"DataVersion":3953}