{"stats":{"minecraft:picked_up":{"minecraft:stick":1,"minecraft:spruce_log":7},"minecraft:used":{"minecraft:crafting_table":1},"minecraft:custom":{"minecraft:jump":42,"minecraft:time_since_rest":4909,"minecraft:leave_game":3,"minecraft:time_since_death":4909,"minecraft:crouch_one_cm":1648,"minecraft:play_time":4909,"minecraft:sprint_one_cm":1931,"minecraft:walk_one_cm":945,"minecraft:total_world_time":4909,"minecraft:sneak_time":377,"minecraft:interact_with_crafting_table":1,"minecraft:fall_one_cm":836,"minecraft:fly_one_cm":3648},"minecraft:crafted":{"minecraft:crafting_table":1,"minecraft:spruce_planks":28,"minecraft:stick":4},"minecraft:mined":{"minecraft:spruce_leaves":3,"minecraft:spruce_log":7}},"DataVersion":3953}