{"stats":{"minecraft:custom":{"minecraft:jump":82,"minecraft:time_since_rest":4260,"minecraft:crouch_one_cm":235,"minecraft:leave_game":1,"minecraft:play_time":4260,"minecraft:sprint_one_cm":6998,"minecraft:time_since_death":4260,"minecraft:walk_one_cm":1051,"minecraft:sneak_time":164,"minecraft:climb_one_cm":401,"minecraft:total_world_time":4260,"minecraft:fall_one_cm":4950,"minecraft:fly_one_cm":20119},"minecraft:mined":{"minecraft:birch_log":1,"minecraft:short_grass":3,"minecraft:fern":2},"minecraft:picked_up":{"minecraft:birch_log":1}},"DataVersion":3953}