{"stats":{"minecraft:picked_up":{"minecraft:stick":1,"minecraft:crafting_table":5,"minecraft:azure_bluet":3,"minecraft:spruce_log":12,"minecraft:arrow":2,"minecraft:light_gray_bed":1,"minecraft:gray_wool":2,"minecraft:mutton":9,"minecraft:coal":50,"minecraft:white_wool":4,"minecraft:cobblestone":37,"minecraft:furnace":1},"minecraft:used":{"minecraft:cooked_mutton":3,"minecraft:stone_pickaxe":85,"minecraft:wooden_pickaxe":3,"minecraft:stone_axe":24,"minecraft:cobblestone":2,"minecraft:crafting_table":5,"minecraft:furnace":1,"minecraft:light_gray_bed":1},"minecraft:custom":{"minecraft:time_since_rest":7123,"minecraft:interact_with_furnace":3,"minecraft:sprint_one_cm":28418,"minecraft:damage_taken":165,"minecraft:walk_one_cm":16772,"minecraft:mob_kills":9,"minecraft:drop":1,"minecraft:damage_dealt":990,"minecraft:swim_one_cm":2898,"minecraft:fly_one_cm":59131,"minecraft:interact_with_crafting_table":9,"minecraft:open_chest":1,"minecraft:crouch_one_cm":8226,"minecraft:play_time":16004,"minecraft:sneak_time":1855,"minecraft:walk_under_water_one_cm":1804,"minecraft:jump":343,"minecraft:walk_on_water_one_cm":1310,"minecraft:leave_game":3,"minecraft:time_since_death":16004,"minecraft:sleep_in_bed":1,"minecraft:total_world_time":16004,"minecraft:fall_one_cm":8724},"minecraft:mined":{"minecraft:furnace":1,"minecraft:spruce_log":12,"minecraft:crafting_table":5,"minecraft:azure_bluet":3,"minecraft:short_grass":1,"minecraft:coal_ore":50,"minecraft:light_gray_bed":1,"minecraft:spruce_leaves":5,"minecraft:stone":37},"minecraft:crafted":{"minecraft:light_gray_bed":1,"minecraft:crafting_table":1,"minecraft:spruce_planks":48,"minecraft:stick":20,"minecraft:iron_ingot":2,"minecraft:wooden_pickaxe":1,"minecraft:stone_pickaxe":1,"minecraft:furnace":1,"minecraft:light_gray_dye":3,"minecraft:light_gray_wool":3,"minecraft:stone_axe":1,"minecraft:air":0,"minecraft:cooked_mutton":9},"minecraft:dropped":{"minecraft:wooden_pickaxe":1},"minecraft:killed":{"minecraft:skeleton":2,"minecraft:sheep":6,"minecraft:zombie":1}},"DataVersion":3953}