{"stats":{"minecraft:custom":{"minecraft:time_since_rest":5713,"minecraft:crouch_one_cm":738,"minecraft:sprint_one_cm":8647,"minecraft:play_time":5713,"minecraft:walk_one_cm":1415,"minecraft:sneak_time":292,"minecraft:jump":86,"minecraft:leave_game":2,"minecraft:time_since_death":5713,"minecraft:total_world_time":5713,"minecraft:climb_one_cm":401,"minecraft:fly_one_cm":20410,"minecraft:interact_with_crafting_table":2,"minecraft:fall_one_cm":4950},"minecraft:used":{"minecraft:crafting_table":1,"minecraft:wooden_pickaxe":4},"minecraft:mined":{"minecraft:short_grass":3,"minecraft:birch_log":6,"minecraft:stone":4,"minecraft:fern":2},"minecraft:picked_up":{"minecraft:birch_log":6,"minecraft:cobblestone":4},"minecraft:crafted":{"minecraft:birch_planks":24,"minecraft:crafting_table":1,"minecraft:stick":4,"minecraft:wooden_pickaxe":1}},"DataVersion":3953}