{
  "minecraft:recipes/decorations/crafting_table": {
    "criteria": {
      "unlock_right_away": "2024-10-28 02:03:45 +0000"
    },
    "done": true
  },
  "minecraft:adventure/adventuring_time": {
    "criteria": {
      "minecraft:forest": "2024-10-28 02:10:02 +0000",
      "minecraft:sparse_jungle": "2024-10-28 02:10:05 +0000",
      "minecraft:jungle": "2024-10-28 02:09:54 +0000",
      "minecraft:bamboo_jungle": "2024-10-28 02:03:45 +0000"
    },
    "done": false
  },
  "minecraft:recipes/building_blocks/birch_planks": {
    "criteria": {
      "has_logs": "2024-10-28 02:10:39 +0000"
    },
    "done": true
  },
  "minecraft:recipes/misc/charcoal": {
    "criteria": {
      "has_log": "2024-10-28 02:10:39 +0000"
    },
    "done": true
  },
  "minecraft:recipes/building_blocks/birch_wood": {
    "criteria": {
      "has_log": "2024-10-28 02:10:39 +0000"
    },
    "done": true
  },
  "DataVersion": 3953
}